text,author_id,id,source,lang,created_at,sentiment
RT @TirthaRichard: Memelihara kucing itu tidak gampang tapi dengan jaringan indihome yang lancar dirumah membuat saya lebih mudah streaming‚Ä¶,1301709524949065730,1386910769996984320,Twitter for iPhone,in,2021-04-27T05:11:09.000Z,positif
@TirthaRichard Streaming pakai indihome gak perlu khawatir masalah kuota.indihome kerenüòé,1301709524949065730,1386911023299399683,Twitter for iPhone,in,2021-04-27T05:12:10.000Z,positif
"indihome udh sejam ttp aja ga bisa dah üôÇ
indikator lampu los kedip merah terus pdahal klo ada masalah di kabel ga di apa apain dr kapan tau :)
ayo dong indihome pls koneksi nya di benerin @IndiHome",1134788133805993984,1386912358602141702,Twitter for Android,in,2021-04-27T05:17:28.000Z,negatif
indihome memang sangat menguji kesabaran,1109308423990960128,1386916016639266822,Twitter for iPhone,in,2021-04-27T05:32:00.000Z,negatif
"Dear @IndiHomeCare kenapa Indihome koneksinya sangat lambat digunakan untuk videocall atau zoom meeting, apalagi kalau dalam satu ruangan digunakan beberapa orang secara bersamaan. Padahal saya berlangganan paket internet yang 30 mbps. Please fix it as soon as possible, thanks.",384400816,1386919119329497091,Twitter for Mac,in,2021-04-27T05:44:20.000Z,negatif
@TirthaRichard keren ya..kucingnya jdi lebih cakep deh  berkat nonton tutorial merawat kucing pake jaringan indihome ‚ú®,214848497,1386929152339574785,Twitter for iPhone,in,2021-04-27T06:24:12.000Z,positif
@IndiHome ini wifi nya ko connect no internet ya??.. bukan satu hp saja tapi satu kantor begini semua,1066321115046338562,1386934040083582976,Twitter for Android,in,2021-04-27T06:43:37.000Z,negatif
"Asik sekali pulang kantor langsung nonton iflix pake jaringan indihome , yang sangat kencang dan stabil , jadi ngak takut untuk loading. Indihome memang juara lahü•≥ü•∞ https://t.co/OMkIqilcRx",1367446813729452035,1386936979439329281,Twitter for iPhone,in,2021-04-27T06:55:18.000Z,positif
"Sambil nunggu dijemput kita nonton dulu drakor yang lagi On going, dengan jaringan Indihome yang super lancar pastinya.. üòÑüòÑ https://t.co/iZOrTbmwMp",177122319,1386937474987876353,Twitter for Android,in,2021-04-27T06:57:16.000Z,positif
@musdalifah551 nonton iflix pake indihome sambil nunggu bedug.. mantap,214848497,1386938353551953921,Twitter for iPhone,in,2021-04-27T07:00:46.000Z,positif
@musdalifah551 Indihome terbaik ya kak ü§©,927107011,1386940763783630848,Twitter for iPhone,in,2021-04-27T07:10:20.000Z,positif
"@kdy_young Wahh Kak Shafi, Tifa senang banget layanan IndiHome sudah bisa kembali normal. Oh ya Kak bisa juga sampaikan apresiasinya dimention/feed jangan lupa juga pake hastag #pastiberes :) -Tifa",765035200896118789,1386947671634497536,Sociomedio Pro Webhook,in,2021-04-27T07:37:47.000Z,positif
@musdalifah551 ngabuburit lancaar pake indihome yaa,2337747270,1386951452917043205,Twitter Web App,in,2021-04-27T07:52:49.000Z,positif
@musdalifah551 Indihome memang kerennn‚ù£Ô∏è,1245490861908971521,1386978562884849667,Twitter for iPhone,in,2021-04-27T09:40:32.000Z,positif
@musdalifah551 Indihome jagonya streaming,1925967332,1386989935996047360,Twitter for iPhone,in,2021-04-27T10:25:44.000Z,positif
Indihome kedip merah pon kenapa..@IndiHome,1010408467,1386995256688668673,Twitter for Android,in,2021-04-27T10:46:52.000Z,negatif
"@musdalifah551 Nonton makin asyik dong berkat Indihome
Juara pokoknya..",1366578692852391938,1386998731099185154,Twitter for Android,in,2021-04-27T11:00:41.000Z,positif
@musdalifah551 apalagi kalau nontonya pake indihome nggak lelet,1366075064211316741,1387022853438992391,Twitter for Android,in,2021-04-27T12:36:32.000Z,positif
"indihome kalo buat tugas deadline lemot, giliran hari-hari biasanya gua gabut nonton film malah lancar. 

emang ditakdirkan untuk menjadi kaum rebahan",1082632822211235840,1387025644295397376,Twitter Web App,in,2021-04-27T12:47:37.000Z,positif
@musdalifah551 Sejuara itu sih memang indihome selalu jadi andalan ‚ù§Ô∏è,1218535461401939970,1387028512796594179,Twitter for iPhone,in,2021-04-27T12:59:01.000Z,positif
"Nonton streaming gusmiftah lancar banget tanpa kendala ..terimakasih Indihome

#MajuTerusBersamaIndihome
#InternetnyaIndonesia
#IndihomeMbois https://t.co/u8NBSV7JXa",1384499087941062662,1387044664360902660,Twitter for Android,in,2021-04-27T14:03:12.000Z,positif
"@IndiHomeCare @IndiHome Udah min daritadi dicoba
Direstart juga udah
Lampo LOS nya ttp kedip merah",1333099381,1387046845726167042,Twitter for Android,in,2021-04-27T14:11:52.000Z,negatif
"Masih harus berjauhan dgn yg tersayang. Gk usah terlalu sedih ya. Karena pastinya masih bisa menjalin silaturahmi dgn teman&amp; keluarga selama bulan puasa ini dgn cara video call bareng mereka pakai Indihome
#MajuTerusBersamaIndiHome #InternetnyaIndonedia #IndiHomeMbois
#puasa https://t.co/OEZRitVmir",1023542762,1387050887097454598,Twitter for Android,in,2021-04-27T14:27:56.000Z,positif
"@kesokye Iya sama, indihome Mimin juga baik banget",1375808161425227785,1387052703667261451,Twitter for Android,in,2021-04-27T14:35:09.000Z,positif
"@indihome tolong ini internetnya nyala tapi gaada koneksi udah dari kemaren, daerah bekasi barat

dm saya sebelum kesulut emosi.",258236113,1387076324095791105,Twitter for iPhone,in,2021-04-27T16:09:00.000Z,negatif
Indihome nomer satuu emang @IndiHome,1384466119780487172,1387085840690466818,Twitter for iPhone,in,2021-04-27T16:46:49.000Z,positif
"@IndiHomeCare Sudah ditangani dengan baik pada hari selasa kemarin, terimakasih indihome. :)",346666966,1387096468947832839,Twitter for Android,in,2021-04-27T17:29:03.000Z,positif
indihome indie cepatnya üôåüôåüòÅüòÉ,933989542545080321,1387124540006825985,Twitter Web App,in,2021-04-27T19:20:36.000Z,positif
Wow kencang sekali koneksinya @IndiHome https://t.co/xsSdXx3erx,757297825,1387133757086306305,Twitter for iPhone,in,2021-04-27T19:57:14.000Z,positif
heran Indihome lemot mulu abis ujan,1188495144477020161,1387155256065200128,Twitter for Android,in,2021-04-27T21:22:39.000Z,negatif
Indihome pagi pagi kenceng juga halo indihome,1177001912245215233,1387170518495686656,Twitter for Android,in,2021-04-27T22:23:18.000Z,positif
indihome kenceng bgt üêåüêåüêå,1381152812,1387170570534473730,Twitter for iPhone,in,2021-04-27T22:23:31.000Z,positif
@hamkajusuf Indihome memang keren üòäüëç,2793167426,1387233681417269250,Twitter for Android,in,2021-04-28T02:34:17.000Z,positif
@hamkajusuf Mantap banget indihome üëçüèªüëçüèªü•≥,1366901599998631944,1387233742519902209,Twitter for iPhone,in,2021-04-28T02:34:32.000Z,positif
"@hamkajusuf Saya banget nih, untung pakai @IndiHome jd pulang kerja tinggal nyalakan Usee TV lalu pilih the film yg sudah terputar sebelumnya ü•∞ü•∞",4169763258,1387234059403763714,Twitter for Android,in,2021-04-28T02:35:47.000Z,positif
"@hamkajusuf Kesenengannya anak-anak nih, makanya sy jg pake Indihome dirumah, jaringan internetnya lancar dan Tvnya jg banyak siaran hiburan u/ anak-anak .. The best lah pokoknya üòäüòä",177122319,1387235608267923456,Twitter for Android,in,2021-04-28T02:41:57.000Z,positif
"@hamkajusuf Indihome beri 1 kemudahan lagi nih, buat anak ü§©
Indihome memang punya banyak nilai plus",975110088,1387241786251243523,Twitter for Android,in,2021-04-28T03:06:30.000Z,positif
ngga salah pilih provider @indihome‚ù§Ô∏è https://t.co/qAjmlLkQau,1382567346217250816,1387245011977216002,Twitter for Android,in,2021-04-28T03:19:19.000Z,positif
"@IndiHome
INDIHOME MEMANG TERBAIK.",1095113350994776064,1387268427362885633,Twitter for Android,in,2021-04-28T04:52:21.000Z,positif
@hamkajusuf Luar biasa... sekarang apa aja mudah ya kak berkat indihome..,1218535461401939970,1387271399899758594,Twitter for iPhone,in,2021-04-28T05:04:10.000Z,positif
Hello @IndiHome error nich,1333015542,1387284751887732739,Twitter for iPhone,de,2021-04-28T05:57:14.000Z,negatif
Error lagi dong indihome üôÉ,1137806436627390464,1387288702418702338,Twitter for Android,in,2021-04-28T06:12:55.000Z,negatif
"@meijiclaudyaa apa lagi jaringannya yang super"" lancar keren indihome üòç",1223319352851582983,1387289183090143237,Twitter for iPhone,in,2021-04-28T06:14:50.000Z,positif
"@meijiclaudyaa Wahh emang seru banget, apalagi nontonnya pake jaringan indihome anti ngelag ü§©",189106681,1387290426516774917,Twitter for Android,in,2021-04-28T06:19:46.000Z,positif
@meijiclaudyaa Mantul kak ü§© Indihome keren,927107011,1387292286891945986,Twitter for iPhone,in,2021-04-28T06:27:10.000Z,positif
"@hamkajusuf indihome cocok di semua umur, mantapp bgtüëç",2337747270,1387302792927137794,Twitter Web App,in,2021-04-28T07:08:55.000Z,positif
Gue doain INDIHOME BERKAH SELALU,1151441616629932033,1387304455981330435,Twitter for iPhone,in,2021-04-28T07:15:31.000Z,positif
"@meijiclaudyaa Wihh , kenceng banget jaringan indihome ü•≥ü•≥",1366901599998631944,1387308492508209157,Twitter for iPhone,in,2021-04-28T07:31:34.000Z,positif
@hamkajusuf Prodak indihome emang memudahkan buat segala kalangan sii . Indihome the best,237203714,1387309878641774592,Twitter for iPhone,in,2021-04-28T07:37:04.000Z,positif
@meijiclaudyaa Indihome emang terbaikü•∞,237203714,1387310125111676935,Twitter for iPhone,in,2021-04-28T07:38:03.000Z,positif
Indihome astagaaa....udah 4hari LOS mulu. Ogah bayar dah lama2 ü§¶ü§¶,550166536,1387325032582377476,Twitter for Android,in,2021-04-28T08:37:17.000Z,negatif
@meijiclaudyaa No buffering.. indihome paling okeüòé,214848497,1387329530767941633,Twitter for iPhone,tl,2021-04-28T08:55:10.000Z,positif
@meijiclaudyaa Wahh makin semangat nontonnya pake jaringan indihome‚ò∫Ô∏èüòç,1245490861908971521,1387330738123513856,Twitter for iPhone,in,2021-04-28T08:59:57.000Z,positif
RT @WwTrisari: Hmmmm. Masih pagi nih. Nonton apa yah? Pake Indihome bisa nonton apa aja soalnya jaringannya stabil dan kenceeeeng üòé https:/‚Ä¶,1925967332,1387330890527739905,Twitter for iPhone,in,2021-04-28T09:00:34.000Z,positif
@meijiclaudyaa Jaringan indihome mmg ngacir kak,238442163,1387337743886290945,Twitter for Android,in,2021-04-28T09:27:48.000Z,positif
"Indihome baru nyala setelah mati 5 jam, nice job",793035206621925376,1387347908094140416,Twitter for Android,in,2021-04-28T10:08:11.000Z,positif
tumben indihome kenceng,1260069004577665024,1387364969767792645,Twitter for Android,tl,2021-04-28T11:15:59.000Z,positif
indihome lemot bgt anjir klo ujan gede kya gini,1143128354100396033,1387373911612944384,Twitter for Android,in,2021-04-28T11:51:31.000Z,negatif
indihome tae tiap ujan pasti lemot,1168712441150107648,1387375079021969413,Twitter for Android,in,2021-04-28T11:56:09.000Z,negatif
Makin lemot aja indihome klo ujan,1365024156845174784,1387377816082161664,Twitter for Android,in,2021-04-28T12:07:02.000Z,negatif
indihome gua baru bisa setelah empat jam üò≠,1308791629688438786,1387381991176167426,Twitter for iPhone,in,2021-04-28T12:23:37.000Z,positif
Hidup akan damai ketika indihome tidak lemot,1588669658,1387385421772967941,Twitter for iPhone,in,2021-04-28T12:37:15.000Z,positif
@hamkajusuf Indihome memang mantap,1925967332,1387387661455806465,Twitter for iPhone,in,2021-04-28T12:46:09.000Z,positif
Ini Indihome seharian ngeselin bngt anjr,818264518706925568,1387390471845023749,Twitter for Android,in,2021-04-28T12:57:19.000Z,negatif
@meijiclaudyaa indihome juaraaaaüíñ,1379193752254771200,1387391724998127622,Twitter for iPhone,tl,2021-04-28T13:02:18.000Z,positif
"wondering kok indihome lemot, oh ternyata akhir bulan",1862657394,1387393799601623046,Twitter for Android,in,2021-04-28T13:10:33.000Z,negatif
Tq Indihome.. @IndiHomeCare Bbrp kali laporan selalu ditangani dengan cepat. Bisa karaokean lagi akhir nya #PastiBeres,42575636,1387403028035039239,Twitter for Android,in,2021-04-28T13:47:13.000Z,positif
indihome ngajak berantem,1115888634027229184,1387406583273951240,Twitter for Android,in,2021-04-28T14:01:20.000Z,negatif
Indihome lelet amat.,2959271222,1387410690026078212,Twitter for Android,et,2021-04-28T14:17:40.000Z,negatif
"@hamkajusuf Wahh mantep tu kak, indihome emag tbe best üëçüèª",1230140549455175681,1387419961451110402,Twitter for iPhone,tl,2021-04-28T14:54:30.000Z,positif
@meijiclaudyaa Woww itu film apa kak ?? Kaya seru üßê  mantap ya kak pakai indihome jaringannya lancar teross üëçüèª,1230140549455175681,1387420340511408131,Twitter for iPhone,in,2021-04-28T14:56:00.000Z,positif
indihome kumat,951785286614298624,1387456179689844740,Twitter for Android,et,2021-04-28T17:18:25.000Z,negatif
Dear @indihome kenapa ini internet nya tiba tiba mati?? Tersambung tapi tidak ada internetnya...,94002931,1387462413935464451,Twitter for Android,in,2021-04-28T17:43:11.000Z,negatif
"Lampu internet pada modem indihome saya tiba mati, mohon bantuan @IndiHome 
Mudah2an responnya cepat.",1371916891,1387474212319764480,Twitter for Android,in,2021-04-28T18:30:04.000Z,negatif
Seneng nya pake indihome @IndiHomeCare @IndiHome,1384466119780487172,1387490487850868738,Twitter for iPhone,in,2021-04-28T19:34:45.000Z,positif
"@kvirari Aku indihome aman aman aja, tapi di akhir bulan lemot, karna batas pemakain data indihome dikit banget, jadi kalau uda melebihi batas jadi agak di tapi ga terlalu lag sih",1236477919003734016,1387553590101745664,Twitter for Android,in,2021-04-28T23:45:30.000Z,positif
"Finally, Indihome ku udah kayak dulu lagi.. 
Kalau buat nonton youtube bisa sampai kualitas 1080 lagi..",1014771686317539328,1387564935303942144,Twitter for Android,in,2021-04-29T00:30:34.000Z,positif
Hadeeee.. indihome lagi LOS ü•≤,103864370,1387585790692118528,Twitter for iPhone,et,2021-04-29T01:53:27.000Z,negatif
hari-hari indihome los.,235018100,1387603256663101441,Twitter for iPhone,in,2021-04-29T03:02:51.000Z,negatif
makasih indihome aku syg kamu /j https://t.co/IsN9unTGd7,1380815244092612609,1387625589499043842,Twitter Web App,in,2021-04-29T04:31:36.000Z,positif
Wuhuuuuu promo berkahüòãü§ë https://t.co/RucwvaZc1y,1278289449185538048,1387633590943453190,Twitter for Android,in,2021-04-29T05:03:23.000Z,positif
"Promo terus, promo lagiiü§ó https://t.co/0I9uTc6fdM",1332959306249949184,1387638152542576647,Twitter Web App,in,2021-04-29T05:21:31.000Z,positif
@magfirasri Alhamdulilah üòá semua terbantu krna ada indihome smart ya kak,927107011,1387639300271927297,Twitter for iPhone,in,2021-04-29T05:26:04.000Z,positif
@magfirasri Belajar bareng indihome nih kak ‚ù§Ô∏èü§© semua jadi mudah,975110088,1387640732610007040,Twitter for Android,in,2021-04-29T05:31:46.000Z,positif
@magfirasri Jaringan indihome mmg lancar kak ü•≥,238442163,1387641472938233856,Twitter for Android,in,2021-04-29T05:34:42.000Z,positif
"Tetangga ada yang jadi sales IndiHome, hari ini daftar, eeh hari ini juga kepasang.. Luar biasa..üòçüòçüòçüòç

#MajuTerusBersamaIndiHome #InternetnyaIndonesia #IndiHomeMbois https://t.co/oRE9mpm4NO",1382659589095661572,1387647298306396162,Twitter Web App,in,2021-04-29T05:57:51.000Z,positif
"Tugas mami malam ini, ngirim file kerjaan sambil nemenin si kakak nonton kartun kesayangannya.. Untung dirumah kita pake Indihome, jaringan Internet lancar tanpa hambatan, TV nya banyak pilihan tontonan anak-anak.. The best lah pokoknya üòÑüòä https://t.co/aoLTdbb5zN",177122319,1387649411052761090,Twitter for Android,in,2021-04-29T06:06:15.000Z,positif
"@Deardiaby Kerjaan mommy aman, tontonan anak juga aman. Semua berkat indihome terrr the best ü§©",975110088,1387650119500066816,Twitter for Android,in,2021-04-29T06:09:04.000Z,positif
@Deardiaby Tanpa lag lag tentunya dong. Indihome emang internya indonesia sii the best lah pokoknya,237203714,1387650155634061316,Twitter for iPhone,in,2021-04-29T06:09:13.000Z,positif
pas banget eug pindah ke indihome https://t.co/KbhValgEiv,1279837417,1387650323439702019,Twitter for Android,in,2021-04-29T06:09:53.000Z,positif
@Deardiaby Bener banget ini.. indihome memang jagonya soal jaringan,1218535461401939970,1387651784563253248,Twitter for iPhone,in,2021-04-29T06:15:41.000Z,positif
"@Deardiaby Senang banget y kk, tdk perlu takut kalau ada pekerjaan pd malam hr, gunakan  @IndiHome semua jd lancar",4169763258,1387653042116333571,Twitter for Android,in,2021-04-29T06:20:41.000Z,positif
@magfirasri Mantap kak semua bisa lebih mudah berkat Indihome...,1366578692852391938,1387653672281153540,Twitter for Android,in,2021-04-29T06:23:11.000Z,positif
mbak cs indihome maksa bgt ya nawarin upgrade channel tv,1082529570383790080,1387654717463957508,Twitter for Android,in,2021-04-29T06:27:20.000Z,negatif
"@Deardiaby Kerjaan jadi lebih mudah kakak yah, Indihome memang the bestlah jaringan super kencang dan stabil
Indihome kereennn",1366578692852391938,1387654778071621641,Twitter for Android,in,2021-04-29T06:27:35.000Z,positif
"@citrachergias @telkomkti Semangat kaka puasanya, untung ada Indihome yg menemani 
Mantapp üòÅüëç",1366578692852391938,1387655364556910593,Twitter for Android,in,2021-04-29T06:29:54.000Z,positif
@citrachergias @telkomkti Indihome kerenn,1925967332,1387655464473686017,Twitter for iPhone,et,2021-04-29T06:30:18.000Z,positif
Terimakasih WIFI INDIHOME telah memberikan solusi terbaik bagi ku dan sahabat indihome https://t.co/YczaetZbPh,1257062402874470400,1387659158585888768,Twitter for Android,in,2021-04-29T06:44:59.000Z,positif
@CNNIndonesia Biji lah. Indihome aja lu berantakan tambah mau urus ini.,1230038515414708225,1387663277073653769,Twitter for iPhone,in,2021-04-29T07:01:21.000Z,negatif
"Merintis membuat konten Youtube terasa lebih bersemangat karena didukung speed yang kencang dan stabil dari IndiHome

#MajuTerusBersamaIndiHome
#InternetnyaIndonesia
#IndiHomeMbois
#indilounge
#aktivitastanpabatas https://t.co/T6YA54gcse",2296246224,1387664328317300743,Twitter for Android,in,2021-04-29T07:05:32.000Z,positif
Termantep se indonesiaüòç https://t.co/UHscRqbB0G,1186103319325884417,1387670530854031360,Twitter for Android,in,2021-04-29T07:30:10.000Z,positif
indihome gangguan gak si?,1160607102953381888,1387674601149198340,Twitter for Android,in,2021-04-29T07:46:21.000Z,negatif
Bonus apaaa iniiiiü§© https://t.co/iJ3TdcMOcx,1377491062915145731,1387676512124497928,Twitter for Android,in,2021-04-29T07:53:56.000Z,positif
"Indihome hebat ya, film 2 jam bisa jadi 3 jam üôÑ",1285412340087713792,1387678129917890560,Twitter for Android,in,2021-04-29T08:00:22.000Z,positif
@citrachergias @telkomkti banyak banget kegiatan positif dari IndiHome selama ramadan ü§©ü§©,1335909738,1387680094357917696,Twitter Web App,in,2021-04-29T08:08:11.000Z,positif
"Panas, panas, puasa haus, istirahat kerja daripada halu, ketiduran dimarain boss, mending nonton Iflix di IndiHome daah...
#MajuTerusBersamaIndiHome
#InternetnyaIndonesia
#IndiHomeMbois https://t.co/TGezNeUYMU",1341348392333500416,1387680376160616448,Twitter for Android,in,2021-04-29T08:09:18.000Z,positif
@WatchmenID Indihome bisa akses netflix aku bahagia,1161542943779504128,1387681049153396742,Twitter for Android,in,2021-04-29T08:11:58.000Z,positif
@magfirasri indihome pake saat zoom pun tetap lancarr,1366075064211316741,1387681331283300362,Twitter for Android,in,2021-04-29T08:13:05.000Z,positif
Eh keterlaluan bagusnya sih ini promoüôÜ‚Äç‚ôÄÔ∏è https://t.co/6UdbCHQTDs,1334799726772797440,1387682957918236672,Twitter for Android,in,2021-04-29T08:19:33.000Z,positif
@Deardiaby Wahh memang indihome gaada duanyaaaa‚ù§Ô∏è,1245490861908971521,1387684834948960257,Twitter for iPhone,in,2021-04-29T08:27:01.000Z,positif
bener bener ni indihome,980437977565245440,1387685461917802497,Twitter for Android,in,2021-04-29T08:29:30.000Z,positif
"Dear #indihome mas/mba tolong atuh ini udh lama wifi saya eror terus, pas nelpon 147 katanya ada gangguan masal dan berakhir tgl 23 april kalo ga salah tapi kok sampe sekarang belum bener juga ?? Saya sudah bayar tagihan juga tapi percuma wifi tidak kita pakai!! Apa ada kebijakan",1183992630629109760,1387686884030095367,Twitter for Android,in,2021-04-29T08:35:09.000Z,negatif
Ya ampooonnnn gratis 58 channel aaaaakkk https://t.co/S1CvDEQ7aX,1327092935955890176,1387690047751655425,Twitter for Android,ht,2021-04-29T08:47:44.000Z,positif
"@citrachergias @telkomkti Soal jaringan, indihome yg utamaüëç",1370226420459339777,1387697006014078979,Twitter for Android,in,2021-04-29T09:15:23.000Z,positif
@IndiHome kenapa sih hari ini lemot banget mau kerja susah,297934148,1387701270090297347,Twitter for iPhone,in,2021-04-29T09:32:19.000Z,negatif
"Semenjak berlangganan IndiHome, yang biasanya keluargaku tidak pernah ekspresif, sekarang jadi hobi nyanyi pakai Karaoke On Demand. 

#MajuTerusBersamaIndiHome
#InternetnyaIndonesia
#IndiHomeMbois",1144062804330078208,1387703138635890688,Twitter Web App,in,2021-04-29T09:39:45.000Z,positif
BY THE WAY INI INDIHOME DARI KEMARIN ADA MASALAH APA YA,595191206,1387703271062654977,Twitter for iPhone,in,2021-04-29T09:40:16.000Z,negatif
indihome kenapa lambat trs ya padahal udah dibayar????,952524193123282951,1387709433216585732,Twitter for Android,in,2021-04-29T10:04:45.000Z,negatif
Ini gimana eror dr semalem blom bener merah kedip mulu haduuuuh @IndiHomeCare @IndiHome,1387704543694057474,1387710218457337862,Twitter Web App,in,2021-04-29T10:07:53.000Z,negatif
"Bukber akan terasa lebih nyaman adanya INDIHOME jaringannya

#MajuTerusBersamaIndiHome
#InternetnyaIndonesia
#IndiHomeMbois https://t.co/ro8OcbcKKg",1384516089518776332,1387715654954848259,Twitter for Android,in,2021-04-29T10:29:29.000Z,positif
"Mohon bantuannya @IndiHome agar koneksi internet di pancoran mas, depok bisa segera berfungsi kembali. Dari jam 8 pagi hingga sekarang masih belum terkoneksi",181842894,1387715931946708996,Twitter Web App,in,2021-04-29T10:30:35.000Z,negatif
300 menit nelpon gratis tis tisüëÄ https://t.co/z5CC4Yz2vs,1342136717592051712,1387718803644157953,Twitter for Android,ht,2021-04-29T10:42:00.000Z,positif
Parah gasi @IndiHome kecepatannya gini amat. Dari tadi siang lemot bukan maen https://t.co/tZutA8wDJP,293991921,1387741043299209220,Twitter for iPhone,in,2021-04-29T12:10:22.000Z,negatif
INDIHOME MAKSUD LO BUFFER APAAA??,1034461909888581634,1387741580497350662,Twitter for Android,in,2021-04-29T12:12:30.000Z,negatif
@Deardiaby kerjaan dan jagain anak jadi lebih mudah karena ada indihome üòç,2426961914,1387743081814904833,Twitter for Android,in,2021-04-29T12:18:28.000Z,positif
@peannach indihome pake yg full gaming enak kenceng pake yg 50 atau 100mbps,1256989147786444807,1387745436790714375,Twitter for Android,in,2021-04-29T12:27:49.000Z,positif
@pngfess G kroso disambi Wifian indihome lancar,2471245436,1387746572750921729,Twitter for Android,in,2021-04-29T12:32:20.000Z,positif
@IndiHomeCare kk indihome saya mengalami los jaringan,1247888406106886145,1387758089089298433,Twitter for Android,in,2021-04-29T13:18:06.000Z,negatif
@raku_jingga Penyakin indihome kalo akhir bulan wkwk,440574557,1387758804230627332,Twitter for Android,in,2021-04-29T13:20:56.000Z,negatif
"ini cycle indihome:
1. internet lancar
2. tunggu beberapa hari lgsg kacau
3. lapor
4. repeat
yakin mau pilih indihome? + indihome ada FUP nya. artinya lu mau paket unlimited ada kuota batasan. inet lo bisa di leletin klo udh lewatin FUP nya. biznet, myrepublic ga ada beginian. üòâ",1228710055836405760,1387762538369191940,Twitter for Android,in,2021-04-29T13:35:47.000Z,negatif
Indihome sinyalnya lg jelek banget kayaknya,1341717971270418432,1387765467130040320,Twitter for iPhone,in,2021-04-29T13:47:25.000Z,negatif
mau marah sama indihome,1170273926913544192,1387768426609971211,Twitter for Android,in,2021-04-29T13:59:11.000Z,negatif
"Jangankan nonton, scroll twitter aje lambat banget. Hadeh indihome indihome",1377153049597075456,1387768850637336576,Twitter for iPhone,in,2021-04-29T14:00:52.000Z,negatif
@IndiHomeCare @sauspadang Berarti kesimpulannya kecepatan indihome lambat dong ya üòÄ thx sudah mengakuinya,121411446,1387768950348464133,Twitter for Android,in,2021-04-29T14:01:15.000Z,negatif
"makin yakin deh langganan indihome, udah cepet, bisa netflix an juga sekarang #ThursdayOnNetflix https://t.co/1GUzbMCBqh",1338084146049024000,1387769724948389896,Twitter Web App,in,2021-04-29T14:04:20.000Z,positif
"@txtdariinvestor Pantes sekarang kenceng buka netflix pake indihome, padahal beberapa bulan yg lalu bandwidth nya di batasi ü§£",1333250468072460288,1387772717676568586,Twitter for iPhone,in,2021-04-29T14:16:14.000Z,positif
Favorit banget kalau drakoran di Netflix pake IndiHome #ThursdayOnNetflix https://t.co/zipTMa51sB,1365310104032043013,1387777846911938568,Twitter for Android,in,2021-04-29T14:36:37.000Z,positif
Ini indihome kenapa sih? Dari siang gak conect mulu? Asem üò¨,2334302184,1387778477303160834,Twitter for Android,in,2021-04-29T14:39:07.000Z,negatif
tai indihome lag terusssss,90120615,1387779114598387712,Twitter for Android,in,2021-04-29T14:41:39.000Z,negatif
Uhuy bisa netflixan lancar pake indihome nichhüòó #ThursdayOnNetflix https://t.co/6fiRPaQbKm,1371303202667122688,1387781788202725376,Twitter for Android,sl,2021-04-29T14:52:16.000Z,positif
"Lah bener kak, IndiHome mah ga perlu kita ragukan, mau nonton netflix berjam-jam juga tetap lancar dan aman #ThursdayOnNetflix
..",837456985356398592,1387787507656544262,Twitter Web App,in,2021-04-29T15:15:00.000Z,positif
"Yuhuuuu seneng bnget bisa nonton netflix pke IndiHome lgi, sinyalnya jga lancar bnget. #ThursdayOnNetflix",1384996496827768832,1387787507530600449,Twitter Web App,in,2021-04-29T15:15:00.000Z,positif
"woi kalian semua kalau mau nonton enak di rumah ya pakai IndiHome aja nih kayak gue, pas banget lagi bulan puasa kayak gini ngabuburit nya Maraton drama Korea #ThursdayOnNetflix",1385106327702175745,1387787507526377473,Twitter Web App,in,2021-04-29T15:15:00.000Z,positif
"Lah bener kak, IndiHome mah ga perlu kita ragukan, mau nonton netflix berjam-jam juga tetap lancar dan aman",1351020259201994758,1387787507434246148,Twitter Web App,in,2021-04-29T15:15:00.000Z,positif
jangan lupa guys kalo kalian nonton di Netflix pake IndiHome aja karena emang bener udah aku buktiin lancar banget tanpa lemot  #ThursdayOnNetflix,1381088398262210574,1387787507354439684,Twitter Web App,in,2021-04-29T15:15:00.000Z,positif
"Jadi gw lagi demen banget Netfixan karena gw udah pake IndiHome, asli sih first impression gw pas pake gilaa nih signal ngebut amat ya #ThursdayOnNetflix",1387521887442329602,1387788566051262464,Twitter for Android,in,2021-04-29T15:19:12.000Z,positif
"IndiHome emang terdabest duh terbaik deh kalo soal sinyal,  dah 3 bulan langganan netflix pake IndiHome lancar banget sinyalnya. #ThursdayOnNetflix",1386105990584492033,1387788569444425736,Twitter for Android,in,2021-04-29T15:19:13.000Z,positif
indihome bener bener ga stabil,283003015,1387812314804473857,Twitter for Android,in,2021-04-29T16:53:34.000Z,negatif
Ternyata indihome emang sempet lemot ya nanti sampe trending di indo,1212551758020374529,1387812489363001345,Twitter for Android,in,2021-04-29T16:54:16.000Z,negatif
@buryamter Indihome lucu bgt sinyal nya,1251046432267595776,1387814815150731266,Twitter for Android,in,2021-04-29T17:03:30.000Z,negatif
Baru kali ini ngeluh ke @IndiHome @IndiHomeCare mungkin sering baca lemot blaa masih sabar dong ngapain lapor lah ini di matiin satu hari siapa yang gak kesel mana gak ada pemberitahuan sebelumnya terkait hal tersebut. #Indihome,1363505636634337284,1387815352600383489,Twitter for Android,in,2021-04-29T17:05:39.000Z,negatif
@IndiHome @IndiHomeCare ditempat syaa kok tidak tersambung yaang internet nya kenapa?,3021243051,1387817928125423623,Twitter for Android,in,2021-04-29T17:15:53.000Z,negatif
"@IndiHome, jaringanmu yang lelet mengganggu kesenanganku malam ini.",1224007151447707648,1387818108803457025,Twitter for iPhone,in,2021-04-29T17:16:36.000Z,negatif
lho indihome masih masalah sama netflix ya? ini pake indihome lancar2 aja. gambar juga ga burik.,1321848973,1387820500202627074,Twitter Web App,in,2021-04-29T17:26:06.000Z,positif
@IndiHomeCare sy mau laporan lampu internet wifi indihome sy mati dan internet nya tidak bisa di akses,1303041614286217217,1387850352611905536,Twitter for Android,in,2021-04-29T19:24:43.000Z,negatif
Indihome sama telkomsel emang paling top,177553309,1387853959717560322,Twitter for Android,et,2021-04-29T19:39:03.000Z,positif
"ganti aja bul, indihome jelek üíÅüèª https://t.co/BmmlOO8Cns",1380122825185325056,1387874372388487171,Twitter for Android,in,2021-04-29T21:00:10.000Z,negatif
"@IndiHome @IndiHomeCare jaringan internet dirumah sy tdk ada koneksi sejak 29/4 siang. Sudah direstart jg tdk ada perubahan, tetap (!). HELP",75536025,1387879202729250820,Twitter Web App,in,2021-04-29T21:19:22.000Z,negatif
"@IndiHome hallo, ini wifi dan tv kabelnya error gak bisa dipakai. wifinya kedap-kedip merah, udah 1 jaman. tolong dicek. karna wifinya dibutuhin utk adik saya sekolah di rumah. terima kasih https://t.co/x4pYECgTrM",930637388262416385,1387880211430080512,Twitter for iPhone,in,2021-04-29T21:23:22.000Z,negatif
Ini indihome pagi pagi bikin emosi,1306647097039495168,1387897617359642624,Twitter for Android,in,2021-04-29T22:32:32.000Z,negatif
"Alhamdulillah pelanggan puas dengan pelayanan indihome,karena gara2 salesnya yg cepat dan tanggap üôèüëç

#MajuTerusBersamaIndiHome
#InternetnyaIndonesia
#IndiHomeMbois https://t.co/0H5Ecw6ivQ",1384101686050889736,1387926564742914050,Twitter for Android,in,2021-04-30T00:27:34.000Z,positif
haruskah ganti biznet aja ? ampun deh indihome kabelnya rusak mulu,2647413817,1387941578052816900,Twitter Web App,in,2021-04-30T01:27:13.000Z,negatif
"@IndiHome lapor dong, ini internet modemnya yg LOS kedap kedip merah sejak pagi",77389084,1387942041598906369,Twitter for Android,in,2021-04-30T01:29:04.000Z,negatif
@furlsun @hwangyh__ masa sih kak aku pake indihome lancar trs tau,1249915027009626112,1387943070390317057,Twitter Web App,in,2021-04-30T01:33:09.000Z,positif
"@aqcyapaci Indihome emng suka ngadat , pnya gw aja ngadat kok",1386625143909150720,1387952411700985858,Twitter for Android,in,2021-04-30T02:10:16.000Z,negatif
@IndiHomeCare @IndiHome WOI BARU KEMARIN DI FIX MASA UDAH RUSAK LAGI!,269851158,1387969753243734022,Twitter for Android,in,2021-04-30T03:19:11.000Z,negatif
"Jarang nonton tv
Tapi tiap liat tv tampilan menunya berubah mulu
Kan berasa kayak baru pertama punya tv
Hobi banget @indihome merubah tampilan",1236621686763479040,1387970516141580297,Twitter for Android,in,2021-04-30T03:22:12.000Z,negatif
"@WwTrisari wah lebaran bentar lagi nih , berkat indihome yah kak pesan apa saja untuk persiapan lebaran jadi lancar üòç",1223319352851582983,1387972888196571139,Twitter for iPhone,in,2021-04-30T03:31:38.000Z,positif
"Halo kak @IndiHome , dari td jam 4 sampe skarang lampu di router masih merah, ga ada info sama sekali penyebab nya apa dan udh menghubungi teknisi juga blm ada balesan. Tolong segera ditangani ya kak.",1199667084499677184,1387973579824779266,Twitter for Android,in,2021-04-30T03:34:23.000Z,negatif
"plis indihome gue lgi streaming ya allah tb"" no internet connectionüò≠üò≠",1337918188999217153,1387987735646851072,Twitter for Android,in,2021-04-30T04:30:38.000Z,negatif
"Lima kali gangguan indihome selama seminggu. Tadi nelfon buat pengaduan eh gaada suara dr operatornya:))) pas sekalinya nyambung, pulsanya abis. Akhirnya beli lagi tuh pulsa, EH OPERATORNYA JG GAADA SUARANYA padahal udah kesambung‚ò∫Ô∏è‚ò∫Ô∏è‚ò∫Ô∏è gimana nih @IndiHome",577157918,1388011660401471489,Twitter for Android,in,2021-04-30T06:05:42.000Z,negatif
@jodohsuzy KAN SUDAH KUBILANG BELI INDIHOME AJü§ôüèª,1328669410769334272,1388015159642230784,Twitter for Android,in,2021-04-30T06:19:36.000Z,positif
indihome kamu kenapa? aku sedih banget karena wifi nya LEMOT,1307239136764465152,1388028703125377028,Twitter for Android,in,2021-04-30T07:13:25.000Z,negatif
"Kerjaanku melek terus didepan laptop. 
Konsekuensi sebagai editor, jaringan harus lancar. 
Untuk penanganan gangguan IndiHome lewat Twitter gercep banget.
#MajuTerusBersamaIndiHome
#InternetnyaIndonesia
#IndiHomeMbois https://t.co/Y9WvlznEv5",1341348392333500416,1388033022214086660,Twitter for Android,in,2021-04-30T07:30:35.000Z,positif
Tak sebanding dengan promo klo gangguan di diemin  walau udah dilaporkan  @indihome,1118940434351312896,1388035598653427713,Twitter for Android,in,2021-04-30T07:40:49.000Z,negatif
Akhir bulan indihome kok lemot mesti,2178027320,1388045454596706306,Twitter for iPhone,in,2021-04-30T08:19:59.000Z,negatif
"@IndiHomeCare Kapan kelar perbaikan nya, ini udah 5 hari gk kelar¬≤ gimana dong buruk sekali pelayanan indihome ini üò°üò°üò°üò°üò°üò°üò°",704369197589991425,1388051209177600009,Twitter for Android,in,2021-04-30T08:42:51.000Z,negatif
"@IndiHomeCare Karena saya sudah mengajukan perpindahan tapi tidak ada jawaban yang pasti, saya harus bayar internet tpi saya tidak menggunakan internet jd uang saya terbuang sia sia, dan pihak indihome janji akan ada telefon dari teknisi tpi sampai hari ini tidak ada telefon dri pihak indihome",1058540969056854016,1388054725610721280,Twitter Web App,in,2021-04-30T08:56:50.000Z,negatif
@IndiHomeCare Bikin saya kapok pakai addonnya indihome,177156263,1388055571568332802,Twitter for Android,in,2021-04-30T09:00:11.000Z,negatif
"Halo @IndiHome @IndiHomeCare ini jaringan kenapa dah, paket gamers 50mbps sebulan ini di perhatiin buat main game Forza Horizon 4, GTA 5, dll disconnect mulu. Kalo ga disconnect lag. Ayolah bayar mahal2 masa gini kualitas nya",250427669,1388067428014247940,Twitter for Android,in,2021-04-30T09:47:18.000Z,negatif
"Ingin kecepatan yang Stabil ?
Lalu pelayanan yang cepat dan terbaik ??
Jangan pernah bingung . Sudah pasti INDIHOME pilihannya 

#MajuTerusBersamaIndiHome
#InternetnyaIndonesia
#IndiHomeMbois https://t.co/lWpIgm7XJ2",1384516089518776332,1388096864923258880,Twitter for Android,in,2021-04-30T11:44:16.000Z,positif
"Teruntuk indihome,tolong jaringan di perbaiki,sudah bayar mahal,tapi tidak dapat sesuai yang di bayar! @IndiHome",1056604356244455424,1388130582123540480,Twitter for iPhone,in,2021-04-30T13:58:15.000Z,negatif
@IndiHome brand doang gede. kualitas mah payah,1397207390,1388134287174606851,Twitter Web App,in,2021-04-30T14:12:59.000Z,negatif
@IndiHome lemot banget jaringan!!!!,1565126329,1388141338755960833,Twitter for iPhone,in,2021-04-30T14:41:00.000Z,negatif
"@IndiHome internet service kalian sampah. internet mati bolak balik dalam satu jam terakhir, sudah 4 kali. lama2 pindah @BiznetHome semua pelanggan kalian",826473068,1388155840352321538,Twitter for iPhone,in,2021-04-30T15:38:37.000Z,negatif
@OIJAEMEIYA waitt indihome lagi ngambek,1304135744521289728,1388155916764160001,Twitter for iPhone,tl,2021-04-30T15:38:55.000Z,negatif
Terserah lah anjing indihome bangsat,181279490,1388165774544617476,Twitter for Android,in,2021-04-30T16:18:06.000Z,negatif
Indihome kenapa ya sinyalnya jelek mulu,1598245538,1388171153944973313,Twitter for iPhone,in,2021-04-30T16:39:28.000Z,negatif
"@IndiHome gak sekedar internetnya yg lemot kalo malam hari,. Cs nya juga lemot buat nangani keluhan.. bayar mahal cuman buat majangin modem doang di tembok..",828827377,1388172017761853446,Twitter for Android,in,2021-04-30T16:42:54.000Z,negatif
untung indihome https://t.co/WPnAjCqWpV,1262576235701350400,1388172596370280448,Twitter for iPhone,tl,2021-04-30T16:45:12.000Z,positif
@IndiHome ni knp wifi gamau konek sih!!!!! Indikator cmn nyala 3 macem. Yg Internet gak nyala alias matik!!!! TOLONG DONG.,107993374,1388235165084786690,Twitter for Android,in,2021-04-30T20:53:50.000Z,negatif
@IndiHome lemot dipiara kambing noh piara biar gemuk bego,1350826244,1388241104991002629,Twitter for iPhone,in,2021-04-30T21:17:26.000Z,negatif
"@IndiHomeCare @IndiHome lemot mania mantab?
apa ini slogan baru kalian? nyesel saya upgrade kecepatan.",99664476,1388266594283921408,Twitter for Android,in,2021-04-30T22:58:43.000Z,negatif
"BIG NO,INDIHOME KU LANCAR JAYA BESTIE üò© https://t.co/kT1lRHs8M0",1382374934345752580,1388270915050381312,Twitter for Android,in,2021-04-30T23:15:53.000Z,positif
"terima kasih indihome, internetnya bikin kejutan https://t.co/vPVyfPxv1e",1105469809116868608,1388275355908132867,Twitter Web App,in,2021-04-30T23:33:32.000Z,positif
Indihome awal bulan gini cepet amat gila,1361880142369353729,1388304917291442185,Twitter for Android,tl,2021-05-01T01:31:00.000Z,positif
IndiHome gembelllüò≠,1225118368107122688,1388376600257777668,Twitter for Android,et,2021-05-01T06:15:50.000Z,negatif
indihome busuk bgt,352962443,1388406660616491009,Twitter Web App,in,2021-05-01T08:15:17.000Z,negatif
aduh indihome,1338466910204149760,1388408533687803910,Twitter for Android,in,2021-05-01T08:22:44.000Z,negatif
main ml pake indihome bikin frustasi,1380317750506127363,1388410204971102209,Twitter for Android,et,2021-05-01T08:29:22.000Z,negatif
indihomeüò© knp td gue bljr lancar sler trs buka twitter lelet bgt. lo gk merestui gue bersenang2 kah hahk,1327058276391915521,1388423257821356038,Twitter for Android,in,2021-05-01T09:21:14.000Z,positif
@IndiHomeCare halo! indihome di rumah saya kenapa mati ya? sudah restart router dan segala macam tetap no internet https://t.co/oeLtshcnaU,98183457,1388424058031669252,Twitter for Android,in,2021-05-01T09:24:25.000Z,negatif
@suwnda indihome disini lancar jaya,1382602235306078210,1388432877646458881,Twitter for Android,in,2021-05-01T09:59:28.000Z,positif
@DASHINK4I ganti indihomeüôè,1346742362635079681,1388437147917508608,Twitter for Android,in,2021-05-01T10:16:26.000Z,positif
"indihome di rumahku lo baik2 aja, malah pernah teknisinya dateng 2x ke rumah katanya gini ""mas ini kemaren sampean make ngelag ga? apa ada kendala? soalnya saya dapet info dari pusat bahwa disini tegangannya besar, saya cek dulu ya?"" gitu anjir padahal aku make biasa2 aja https://t.co/DGk05ejklB",1339756976843018240,1388437617906126849,Twitter for Android,in,2021-05-01T10:18:18.000Z,positif
Oh indihome jaringan internet saya LOS üôÉ sudah menghubungi tapi tidak ada tindakan üôèüèª,1068921926238666752,1388440445953331201,Twitter for Android,in,2021-05-01T10:29:32.000Z,negatif
indihome ni kenapa ya kok lancar bgt gw nethink bntr lg pasti error,1159470642,1388448096724480001,Twitter for Android,in,2021-05-01T10:59:57.000Z,positif
"Gan @IndiHome internet mati, mau streaming jadi ga bisa nih",66955699,1388466475707506692,Twitter for iPhone,in,2021-05-01T12:12:58.000Z,negatif
akhirnya indihome bener üëç,804221595501744129,1388474544143290369,Twitter for Android,in,2021-05-01T12:45:02.000Z,positif
"Finally I can play genshin on my pc üò©üò©üò©üò©
Trims sudah berjuang indihome",1104183184286048262,1388487100119486464,Twitter for Android,in,2021-05-01T13:34:56.000Z,positif
Sumpah indihome akhir akhir ini bikin emosi üò≠,1179127086478290944,1388497564924715014,Twitter for iPhone,in,2021-05-01T14:16:31.000Z,negatif
Indihome emang terbaik nih gemesh @IndiHome,1384466119780487172,1388511741374468107,Twitter for iPhone,in,2021-05-01T15:12:51.000Z,positif
Ni entah sinyal indihome yang lagi kaga jelas apa wifi repeater w yang mulai error ya. Lemot banget udah semingguan :( di saat w butuh banget wifi buat zoom l4tsar wkwkwkw nonton drama aja dari tadi buffering mulu :( sepertinya harus punya wifi sendiri tapi mahal beb wkwk üòÇüòÇ,558455844,1388513288305057794,Twitter for Android,in,2021-05-01T15:18:59.000Z,negatif
"@sheque @dikirfan Tapi jaringan Biznet terbatas sekali. Aku hanya bisa langganan Indihome. Enggak ada jaringan lain di depan rumahku. Tapi layanan Indihome cukup bagus kok. Begitu ada masalah, cepat sekali diperbaikinya. Langgananku termasuk layanan telpon kabel.",117449840,1388526470230773764,Twitter Web App,in,2021-05-01T16:11:22.000Z,positif
Rugi aku bayar kowe @IndiHome,102603012,1388538525847490563,Twitter for iPhone,in,2021-05-01T16:59:17.000Z,negatif
IndiHome gembelüòû,1213806264016203781,1388538878450192389,Twitter for Android,et,2021-05-01T17:00:41.000Z,negatif
@dinannda niat hati untuk indihome,1220901128876912640,1388562465282134020,Twitter for iPhone,in,2021-05-01T18:34:24.000Z,positif
"keputusan tepat emang ganti provider internet rumah, @IndiHome selalu lemot, bayar doang tapi gak ada kualitas. oiya, gak usah bales2 tweet saya ini ato DM ya, ganggu.",59451340,1388578010123493378,Twitter Web App,in,2021-05-01T19:36:10.000Z,negatif
"Empat hari sudah Indihome di rumahku mati total alias ngeselin paraaaahhhhhh. Kalo internet mati, otomatis TV mati, telepon pun ikutan mati. Sungguhlah sangat menyusahkan sekali! Ggggrrrrrrrr",36738559,1388589723531182082,Twitter for Android,in,2021-05-01T20:22:43.000Z,negatif
btw indihome ku jarang bgt gangguan loh bahkan gapernah kyk gini,1627966604,1388599058252500993,Twitter for Android,in,2021-05-01T20:59:49.000Z,positif
@IndiHome indihome tolong dong ini kenapa yaaa wifi di rumah gabisa di akses heran deh udah bayar juga gini aja mulu min,222378641,1388616863756656642,Twitter for Android,in,2021-05-01T22:10:34.000Z,negatif
"@IndiHomeCare @IndiHome Baik Terima kasih sebelumnya, sukses terus buat indihome, fast response banget üëçüëçüëç",68110252,1388657391554596875,Twitter Web App,in,2021-05-02T00:51:36.000Z,positif
"Bener kata yudis, indihome sebenernya responsif. Asal sesuai prosedur.",552507081,1388685254978727937,Twitter for Android,in,2021-05-02T02:42:19.000Z,positif
"Sambil nunggu buka puasa enaknya nonton drakor di netflixnya Indihome dong ..mantapp.

#MajuTerusBersamaIndihome
#InternetnyaIndonesia
#IndihomeMbois https://t.co/omv5AQ5s3p",1384499087941062662,1388687141576732680,Twitter for Android,in,2021-05-02T02:49:49.000Z,positif
@IndiHome mantap dan bravo untuk service after sales nya. sangat profesional dan gerak cepat. jarang2 company di indonesia punya pelayanan yg bagus seperti ini üëå,72035316,1388687764330188804,Twitter for iPhone,in,2021-05-02T02:52:18.000Z,positif
@IndiHome Min internet indihome se kecamatan gue putus semua dari jam 4 tadi pagi. Tolong benerin dong.,52251636,1388688324605353989,Twitter for Android,in,2021-05-02T02:54:31.000Z,negatif
@IndiHomeCare Sampai kapan ya indihome rumah saya gangguan? dari kemarin lampu LOS kedip,1187047930735149059,1388690976873455616,Twitter for Android,in,2021-05-02T03:05:04.000Z,negatif
@Gibsonreynold makanya jgn pake indihome,1301744701406498816,1388692292534345729,Twitter for Android,in,2021-05-02T03:10:17.000Z,negatif
Akhirnya indihome udh sembuh üò≠ aga emosi dari kemarin ya,1081125473483018245,1388695546584391683,Twitter for Android,in,2021-05-02T03:23:13.000Z,positif
"@IndiHomeCare Alhamdulillah internet pagi ini sudah kembali normal, terima kasih admin  #pastiberes @IndiHome @IndiHomeCare",18132628,1388698252208263172,Twitter Web App,in,2021-05-02T03:33:58.000Z,positif
"Baru 2 hari yg lalu mati,sekarang mati lg @IndiHome https://t.co/GfWz3lxjpi",498844694,1388719265201594374,Twitter for Android,in,2021-05-02T04:57:28.000Z,negatif
Ini gimana internet masih belum bisa di pakai? @IndiHome @IndiHomeCare,2246888310,1388725466039611392,Twitter for iPhone,in,2021-05-02T05:22:07.000Z,negatif
"@IndiHomeCare min saya baru pasang wifi indihome, pemasangan selesai kemarin tapi sampai sekarang wifinya belum ada koneksi",1345792940015161344,1388726180912656385,Twitter Web App,in,2021-05-02T05:24:57.000Z,negatif
plis indihome jangan buat emosi lagi puasa,1272478886383607808,1388737516564467712,Twitter for Android,in,2021-05-02T06:10:00.000Z,negatif
"Nih udah literally 2 jam, indihome masih ga bagus bagus juga....",739463634,1388749836317446147,Twitter for Android,in,2021-05-02T06:58:57.000Z,negatif
Indihome error anjir,1559479652,1388750147782283267,Twitter for Android,in,2021-05-02T07:00:11.000Z,negatif
"indihome hari ke2 awal bulan masih oke lahh, awas aja ntar bikin emosi https://t.co/LrfuxXF1an",981872654,1388762587056070659,Twitter Web App,in,2021-05-02T07:49:37.000Z,positif
"@reviewapaaja @amsalfoje https://t.co/xNQXxouhlF

Coba ini, kak. Dia sendiri buka pake indihome bilang bisa. Tapi aku yang buka di hp ga bisa ini üòÇ",55440757,1388762691792084993,Twitter for Android,in,2021-05-02T07:50:02.000Z,positif
Kenapa si indihome sinyalnya busuk banget,1135862200441032704,1388766800234483713,Twitter for Android,in,2021-05-02T08:06:21.000Z,negatif
demi allah indihome knp lemot gini,1242786663660580864,1388767231958425600,Twitter for Android,in,2021-05-02T08:08:04.000Z,negatif
Lagi-lagi indihome berulah,1135144470230339584,1388768144345292806,Twitter for Android,in,2021-05-02T08:11:42.000Z,negatif
"RT @Vestraterose: Hebat indihome, hebat.",2558571859,1388771019532357640,Twitter for iPhone,in,2021-05-02T08:23:07.000Z,positif
Ini indihome error semua atau punyaku aja ya ._.,1021752843072548864,1388778306808418305,Twitter for Android,in,2021-05-02T08:52:05.000Z,negatif
6 jam kemudian dan indihome masih ga stabil juga. Capek gue.,1236549311883694081,1388781128329228291,Twitter for Android,in,2021-05-02T09:03:17.000Z,negatif
konyol indihome,1298795222365687809,1388783681733492739,Twitter for Android,in,2021-05-02T09:13:26.000Z,negatif
YA TUHAN INDIHOME KOK JELEK,1101131076410302464,1388785056299184134,Twitter for Android,in,2021-05-02T09:18:54.000Z,negatif
tumben indihome baik,1348691219149279232,1388786784964730885,Twitter for Android,in,2021-05-02T09:25:46.000Z,positif
Indihome bnyak yg komplen. Udh ga bs diitung jari. Jadi udh tau kan kualitas nya kayak mana. Mana jaringan ga stabil. Telpon gak bisa digunain padahal udah bayar. Udh kek beli kucing dalam karung.,117069827,1388787093158072324,Twitter for iPhone,in,2021-05-02T09:27:00.000Z,negatif
"@IndiHome Sore min ..
Dr jam 11 ganguan.
Setiap bulannya pasti ada gangguan, sampe cape aku tu sm indihomeüò©",539010260,1388788431807864833,Twitter for Android,in,2021-05-02T09:32:19.000Z,negatif
@IndiHome gangguan ya? Kok dari tadi siang modem ku merah terus,1249584041319206917,1388792914260598789,Twitter for iPhone,in,2021-05-02T09:50:07.000Z,negatif
Waduuu wifi down gini gue lagi belajar buat ujian. Gimana nih? @IndiHome besok kalo nilai jeblok klean mau bantuin bayar uang kuliah gue buat ngambil nih matkul di semester depan?,1157615425728815104,1388794839001563139,Twitter for iPhone,in,2021-05-02T09:57:46.000Z,negatif
"Terima kasih keluhan kami telah direspon dengan baik oleh Indihome divre Ciputat dan fasilitas internet, telp dan TV Cable sudah berfungsi dengan baik, semoga pelayanan optimal ini selalu dipertahankan #InternetnyaIndonesia @IndiHomeCare @IndiHome @TelkomIndonesia",1388450303117172738,1388800198105722881,Twitter for iPhone,in,2021-05-02T10:19:04.000Z,positif
"Utung pakai indihome ,belanja pun tinggal klik di indihomeshopping,kebutuhan apa aja tersedia disitu ada hadiahnya juga lho .
#BerkahTanpaBatasBersamaIndiHome
#InternetnyaIndonesia
#IndiHomeMbois https://t.co/h5z2skCQIg",1384101686050889736,1388812569561812992,Twitter for Android,in,2021-05-02T11:08:14.000Z,positif
"@IndiHomeCare @IndiHome 
Wifi dirumah mati tidak ada internet, lampu indikator internet dan lan tidak menyala.",1141286629941772288,1388815032444616704,Twitter for Android,in,2021-05-02T11:18:01.000Z,negatif
"@FWBESS Jaringan tergantung lokasi sih, gue Indihome udah setahunan aman2 aja ga ada kendala",1283624267741949954,1388815816267681804,Twitter for Android,in,2021-05-02T11:21:08.000Z,positif
@IndiHomeCare Terimakasih. Indihome luar biasa,1249150381063458816,1388816044580478982,Twitter for Android,in,2021-05-02T11:22:02.000Z,positif
"Dari kemaren adiknya ,merengek rengek ingin wifian di rumah nya tanpa harus keluar rumah,kini sudah dipasang wifi IndiHome nya yang rajin ya belajarnya ada IndiHome study nya juga buat belajar buat adik nya..Semangat

#MajuTerusBersamaIndiHome #InternetnyaIndonesia #IndiHomeMbois https://t.co/Vx4nC3GfTg",1382659589095661572,1388820262527803399,Twitter Web App,in,2021-05-02T11:38:48.000Z,positif
"demi allah indihome jelek bgt, instagram sampe cuma email lelet bgt",1143188107795128320,1388824516697247745,Twitter for iPhone,in,2021-05-02T11:55:42.000Z,negatif
Indihome lagi bermasalah apa gimana deh? Buffering mulu dari tadi üôÇüôÇüôÇ,1340317097520320515,1388828629379977217,Twitter for iPhone,in,2021-05-02T12:12:03.000Z,negatif
indihome ngajak berantem mulu.,1305020456542429184,1388830286985809920,Twitter for Android,in,2021-05-02T12:18:38.000Z,negatif
"@mtevrestt Baik, Sobat. Mary senang mendengar kabar baiknya. Selamat menikmati kembali layanan IndiHome ya, semoga Kakak dengan keluarga sehat selalu. Serta Kakak juga bisa sampaikan apresiasi lho melalui... https://t.co/dTHbKtcDvX",765035200896118789,1388841522418708481,Sociomedio Pro Webhook,in,2021-05-02T13:03:17.000Z,positif
INDIHOME AWAL BULAN KOK NGELAG LO ANJ,937436682042851329,1388847019800682499,Twitter Web App,in,2021-05-02T13:25:07.000Z,negatif
"sabar bgt gua sama indihome, ngelag bgt",861688933234622464,1388847254178459653,Twitter for iPhone,in,2021-05-02T13:26:03.000Z,negatif
"@IndiHomeCare Saya tidak tahu kenapa anda tidak balas DM saya, tapi LOS MERAH ini sudah 12 JAM. Anda tahu kan sekarang lagi covid? Internet sangat penting untuk pekerjaan saya.

Apakah begini kualitas dari indihome? Saya tidak pernah telat bayar tagihan, tapi anda memberikan produk cacat?",519248273,1388847696279085058,Twitter for iPhone,in,2021-05-02T13:27:48.000Z,negatif
so sweet banget provider yang satu iniüî• https://t.co/5gNWYPGA9K,1360077200603508746,1388850478960680962,Twitter for Android,in,2021-05-02T13:38:52.000Z,positif
gile nih wifi kek indihome aja lemot bener,1067381195858620416,1388850759744192517,Twitter for Android,in,2021-05-02T13:39:59.000Z,negatif
indihome sy geplak ya https://t.co/slxf1LEBHN,1340404657680629760,1388854083113521157,Twitter for Android,in,2021-05-02T13:53:11.000Z,negatif
@anisaaiw Udah.. Indihome aja,1091293127657189376,1388856898321981445,Twitter for Android,in,2021-05-02T14:04:22.000Z,positif
"Heh.... lagi enak nonton malah gangguan terus indihome nya, bikin emosi terus https://t.co/Hl09koNbQ9",293566374,1388858721783074816,Twitter for Android,in,2021-05-02T14:11:37.000Z,negatif
MENANGIS BERSAMA INDIHOMEüòî @OURM00NLIGHT https://t.co/4cxXjFFrdR,1377580243163082753,1388860379317510147,Twitter for iPhone,in,2021-05-02T14:18:12.000Z,negatif
@IndiHome @IndiHomeCare punten ini IndiHome lagi ganguan ya? Ini jaringan kaga bisa buka apa apa,775519842,1388860530459246594,Twitter Web App,in,2021-05-02T14:18:48.000Z,negatif
PE INDIHOME JANGAN NGELAG SEKARANG GUA MAU STRIMING DRITADI LOADING MULU HERAN,1346340680956747777,1388861569816092674,Twitter for Android,in,2021-05-02T14:22:56.000Z,negatif
"Indihome dari siang tadii bermasalah @IndiHome sebel banget ini, deadline numpuk, ga bisa nugas jadinya kannn hmmm",1004515877939658752,1388865382354546691,Twitter for Android,in,2021-05-02T14:38:05.000Z,negatif
apasi indihome lemot bgt yaallah,1388236524379017216,1388868266181885956,Twitter for iPhone,in,2021-05-02T14:49:33.000Z,negatif
males bgt indihome eror lagi:(,1100590249321742336,1388868445026934796,Twitter for iPhone,in,2021-05-02T14:50:15.000Z,negatif
indihome ya allah...,1291428326993563648,1388868684978917391,Twitter for Android,in,2021-05-02T14:51:13.000Z,negatif
kalo sama provider ini apa apa emang jadi gampangüòö https://t.co/2wkJqpU4Vm,1371309215420051459,1388870208241094657,Twitter for Android,in,2021-05-02T14:57:16.000Z,positif
INDIHOME KNAPA KM LEMOTNYA SKARANG https://t.co/ghPnSpahs6,1223952453223075843,1388871122435801095,Twitter for iPhone,in,2021-05-02T15:00:54.000Z,negatif
Indihome mulai berulah üòÉ,1367023262446706691,1388871177695752202,Twitter for iPhone,in,2021-05-02T15:01:07.000Z,negatif
Asli kalo ada pilihan selain @IndiHome males banget make provider ini.,191868514,1388871385548681218,Twitter for iPhone,in,2021-05-02T15:01:56.000Z,negatif
"Please @IndiHome ngaco banget 4 hari gabisa dipake, telfon ke customer care juga percuma ga ada action nya.",191868514,1388871382642008066,Twitter for iPhone,in,2021-05-02T15:01:56.000Z,negatif
@TelkomCare Min saya mau berhenti indihome,1166101624906903552,1388871777695133705,Twitter for iPhone,in,2021-05-02T15:03:30.000Z,negatif
"@IndiHome oi min, ini indihome gua parah bener jaringannya 3 hari ini",518353060,1388874291442110467,Twitter for Android,in,2021-05-02T15:13:29.000Z,negatif
Indihome napa ini gangguannya lama banget ANJIRRRRRR.,2418584689,1388876421708148739,Twitter for Android,in,2021-05-02T15:21:57.000Z,negatif
Indihome mulai dehhh,1448459612,1388876534493057025,Twitter for iPhone,in,2021-05-02T15:22:24.000Z,negatif
"Indihome bener benerr yaaa, parah bangetttt mana besok ada UTS",3011197099,1388878188839804929,Twitter for Android,in,2021-05-02T15:28:58.000Z,negatif
Ternyata Indihome nya yg lemotüòÅ,1376731578198421505,1388878624556650503,Twitter for Android,in,2021-05-02T15:30:42.000Z,negatif
indihome lancar https://t.co/8f9OwtSv68,1080395338140180480,1388880247068663808,Twitter for Android,in,2021-05-02T15:37:09.000Z,positif
sumpah ini kenapa indihome lemot parah ‚òπÔ∏è,1336298185816383489,1388880627374559233,Twitter for Android,in,2021-05-02T15:38:40.000Z,negatif
Indihome emg asu,1147134175985557504,1388895709760421894,Twitter for Android,et,2021-05-02T16:38:36.000Z,negatif
edian indihome parah bgt asli,949996680044191744,1388896596767641600,Twitter for iPhone,in,2021-05-02T16:42:07.000Z,negatif
@IndiHomeCare kak indihome ini tiba2 wifi knp mati lagi üòñüòñüòñüòñ,988636116,1388902159173885957,Twitter for iPhone,in,2021-05-02T17:04:13.000Z,negatif
@IndiHome lemot pak,1340526161600815104,1388904647784501255,Twitter for Android,in,2021-05-02T17:14:07.000Z,negatif
@IndiHome @telkomsel tolonglah ini kenapa 3 hari jaringan jelek banget. Daerah Semarang Kota.,1328558560570052608,1388910498641481732,Twitter for Android,in,2021-05-02T17:37:22.000Z,negatif
indihome benar benar sampah,2832667969,1388928074125766656,Twitter for Android,in,2021-05-02T18:47:12.000Z,negatif
Yuhu indihome termantap @IndiHome,1384466119780487172,1388934143296167938,Twitter for iPhone,in,2021-05-02T19:11:19.000Z,positif
Mabar lancar jaya @IndiHome,1384466119780487172,1388935581560819712,Twitter for iPhone,in,2021-05-02T19:17:02.000Z,positif
"@IndiHome @TelkomCare Indikator wifi blink pelan, tdk bs connect internet. Help pls",610684664,1388937531937280008,Twitter for Android,in,2021-05-02T19:24:47.000Z,negatif
"Udah lewat 12 jam dan indihome di rumah gue belum stabil. Mana provider kartu telkomsel juga semuanya ikut ga stabil, koneksi internet kacau balau semua. Kenapa sih ini telkom ?!",1236549311883694081,1388939879652859905,Twitter for Android,in,2021-05-02T19:34:07.000Z,negatif
Sabar sabar sama indihome,4613061792,1388943165361557508,Twitter for iPad,in,2021-05-02T19:47:10.000Z,negatif
ayo berantem njrit @IndiHome,1368285612344705024,1388945280779788288,Twitter for Android,in,2021-05-02T19:55:34.000Z,negatif
aku kecewa berat sama kamu @IndiHome,1368285612344705024,1388946511648624641,Twitter for Android,in,2021-05-02T20:00:28.000Z,negatif
@IndiHomeCare @IndiHome bohong,1368285612344705024,1388947094497501184,Twitter for Android,in,2021-05-02T20:02:47.000Z,negatif
@IndiHome ini ngapa modem wifi gua kedip2 merah mulu dah,1228694204626268160,1388952966481076231,Twitter for iPhone,in,2021-05-02T20:26:07.000Z,negatif
Beberapa hari ini @IndiHome dirumah sering banget error. Kenapa ya? Mulai dari gada jaringan padahal normal bahkan sering lampu indikator los.,253900825,1388964904116178944,Twitter for Android,in,2021-05-02T21:13:33.000Z,negatif
INDIHOME BANGKE LEMOT BGT JKSIAHSKAHSAKJAJ,1379701727729840129,1388965078859325440,Twitter for Android,in,2021-05-02T21:14:15.000Z,negatif
Anak jaman sekarang maunya lihat YouTube aja untung ada Indihome dirumah ...... https://t.co/Un7HtAueXu,164114428,1388966202047832065,Twitter Web App,in,2021-05-02T21:18:42.000Z,positif
Indihome cacat,1290442048923996161,1389014087795834880,Twitter for Android,ca,2021-05-03T00:28:59.000Z,negatif
Halo @IndiHome @IndiHomeCare tolong di reply ya tweet saya mengenai problem gak bisa nyala internet &amp; tv kabel nya ya. Thanks,371664447,1389017178674892801,Twitter for iPhone,in,2021-05-03T00:41:16.000Z,negatif
agaknya youtube meremehkan wifi indihome saya yang sangat lancar üòîü§åüèª,1358575372183347200,1389022752011481090,Twitter for iPhone,in,2021-05-03T01:03:25.000Z,positif
"@IndiHomeCare @IndiHome wifi mati, lost signal, ada lampu merah berkedip. Mohon tindak lanjutnya karena dipakai kerja. Terimakasih",133058277,1389023077737009153,Twitter Web App,in,2021-05-03T01:04:43.000Z,negatif
"@IndiHomeCare Selamat Pagi, pasukan seribu satu alasan. Selamat juga buat BASI kalian yang sudah memasuki bulan yang ke-2 üëç @indihome",3071275652,1389024000970395648,Twitter for Android,in,2021-05-03T01:08:23.000Z,negatif
Selamat pagi..indihome sy mati hampir sudah 3 hari..PON nya merah terus..terima kasih,887519451242840064,1389026954301435904,Twitter for Android,in,2021-05-03T01:20:07.000Z,negatif
"halo indihome, PENTING! lampu los tiba tiba merah dan sampai sekarang masih seperti itu. Apa ada kendala? @IndiHome @IndiHomeCare",1464056066,1389028510316912641,Twitter for Android,in,2021-05-03T01:26:18.000Z,negatif
"@IndiHomeCare Indihome bagaimana sih?, Tiga hari tidak bisa akses! Baru benar 2 hari sekarang internet gak bisa di akses!!! Rugi nih bayar tapi bisa seminggu gak ada akses...",273702048,1389031390566518786,Twitter for Android,in,2021-05-03T01:37:45.000Z,negatif
indihome mah ih nyebelin banget,1320778660924641285,1389033763074580484,Twitter for iPad,in,2021-05-03T01:47:10.000Z,negatif
Indihome gakjelas,1371186738094170120,1389044745498894336,Twitter for Android,in,2021-05-03T02:30:49.000Z,negatif
aku cinta kamu indihome üòäüíó,1240482515531345920,1389045272458629121,Twitter for Android,in,2021-05-03T02:32:54.000Z,positif
indihome knp putus nyambung gini,1204008455654129665,1389045426590949378,Twitter for Android,in,2021-05-03T02:33:31.000Z,negatif
indihome lo lemot banget üëéüíî,1208931671891795968,1389045929924202496,Twitter for Android,in,2021-05-03T02:35:31.000Z,negatif
@IndiHomeCare pagi min. saya mau melakukan pemutusan indihome karena tagihan terus naik,255426893,1389046226314665984,Twitter for iPhone,in,2021-05-03T02:36:42.000Z,negatif
"Lg puasa gini dr pd cuma mengkhayal dpt THR yg tak kunjung turun, mending ikutan lomba IndiHome THR Challenge. Kesempatan besar utk bs dptin hadiahnya yg oke2 bgt! #IndiHomeTHRChallenge #FestivalSobatIndiHome https://t.co/8JuX5y6k7N",50802747,1389046796672847878,Twitter for iPhone,in,2021-05-03T02:38:58.000Z,positif
"sales indihome aneh bgt ye emg. gak profesional bgt anjir, spam bgt ga sabaran. ga dibales 5 menit udah nge p p aje. poor @IndiHome",182209750,1389047777519276033,Twitter for iPhone,in,2021-05-03T02:42:52.000Z,negatif
"Pagi-pagi udah ngamuk sama Call Center IndiHome, habis ini buka puasa.",829320087664365569,1389049052466094086,Twitter for Android,in,2021-05-03T02:47:56.000Z,negatif
godaan puasa datang dalam bentuk gangguan mati nyala wifi indihome ya allaaah,956097341877923841,1389051276747436032,Twitter for iPhone,in,2021-05-03T02:56:46.000Z,negatif